Workbook

Sheet Root_core
A1: sample | B1: plant | C1: rep | D1: weight (g) | F1: from 300 +/- 1 g field moist soil
A2: I-AUHV-A | B2: {=_xlfn.IFS( ISNUMBER(SEARCH("*AUHV*",A2)),"AUHV", ISNUMBER(SEARCH("*MNHV*",A2)),"MNHV", ISNUMBER(SEARCH("*BWW*",A2)),"BWW", ISNUMBER(SEARCH("*SWW*",A2)),"SWW", ISNUMBER(SEARCH("*ORG*",A2)),"ORG", ISNUMBER(SEARCH("*PRY*",A2)),"PRY", ISNUMBER(SEARCH("*RCL*",A2)),"RCL" )} -> AUHV | C2: {=_xlfn.IFS( ISNUMBER(SEARCH("IV*",A2)),"IV", ISNUMBER(SEARCH("III*",A2)),"III", ISNUMBER(SEARCH("II*",A2)),"II", ISNUMBER(SEARCH("I*",A2)),"I")} -> I | D2: 0.2018
A3: I-AUHV-B | B3: {=_xlfn.IFS( ISNUMBER(SEARCH("*AUHV*",A3)),"AUHV", ISNUMBER(SEARCH("*MNHV*",A3)),"MNHV", ISNUMBER(SEARCH("*BWW*",A3)),"BWW", ISNUMBER(SEARCH("*SWW*",A3)),"SWW", ISNUMBER(SEARCH("*ORG*",A3)),"ORG", ISNUMBER(SEARCH("*PRY*",A3)),"PRY", ISNUMBER(SEARCH("*RCL*",A3)),"RCL" )} -> AUHV | C3: {=_xlfn.IFS( ISNUMBER(SEARCH("IV*",A3)),"IV", ISNUMBER(SEARCH("III*",A3)),"III", ISNUMBER(SEARCH("II*",A3)),"II", ISNUMBER(SEARCH("I*",A3)),"I")} -> I | D3: 0.1591
A4: I-AUHV-C | B4: {=_xlfn.IFS( ISNUMBER(SEARCH("*AUHV*",A4)),"AUHV", ISNUMBER(SEARCH("*MNHV*",A4)),"MNHV", ISNUMBER(SEARCH("*BWW*",A4)),"BWW", ISNUMBER(SEARCH("*SWW*",A4)),"SWW", ISNUMBER(SEARCH("*ORG*",A4)),"ORG", ISNUMBER(SEARCH("*PRY*",A4)),"PRY", ISNUMBER(SEARCH("*RCL*",A4)),"RCL" )} -> AUHV | C4: {=_xlfn.IFS( ISNUMBER(SEARCH("IV*",A4)),"IV", ISNUMBER(SEARCH("III*",A4)),"III", ISNUMBER(SEARCH("II*",A4)),"II", ISNUMBER(SEARCH("I*",A4)),"I")} -> I | D4: 0.218
A5: I-MNHV-A | B5: {=_xlfn.IFS( ISNUMBER(SEARCH("*AUHV*",A5)),"AUHV", ISNUMBER(SEARCH("*MNHV*",A5)),"MNHV", ISNUMBER(SEARCH("*BWW*",A5)),"BWW", ISNUMBER(SEARCH("*SWW*",A5)),"SWW", ISNUMBER(SEARCH("*ORG*",A5)),"ORG", ISNUMBER(SEARCH("*PRY*",A5)),"PRY", ISNUMBER(SEARCH("*RCL*",A5)),"RCL" )} -> MNHV | C5: {=_xlfn.IFS( ISNUMBER(SEARCH("IV*",A5)),"IV", ISNUMBER(SEARCH("III*",A5)),"III", ISNUMBER(SEARCH("II*",A5)),"II", ISNUMBER(SEARCH("I*",A5)),"I")} -> I | D5: 0.1535
A6: I-MNHV-B | B6: {=_xlfn.IFS( ISNUMBER(SEARCH("*AUHV*",A6)),"AUHV", ISNUMBER(SEARCH("*MNHV*",A6)),"MNHV", ISNUMBER(SEARCH("*BWW*",A6)),"BWW", ISNUMBER(SEARCH("*SWW*",A6)),"SWW", ISNUMBER(SEARCH("*ORG*",A6)),"ORG", ISNUMBER(SEARCH("*PRY*",A6)),"PRY", ISNUMBER(SEARCH("*RCL*",A6)),"RCL" )} -> MNHV | C6: {=_xlfn.IFS( ISNUMBER(SEARCH("IV*",A6)),"IV", ISNUMBER(SEARCH("III*",A6)),"III", ISNUMBER(SEARCH("II*",A6)),"II", ISNUMBER(SEARCH("I*",A6)),"I")} -> I | D6: 0.1087
A7: I-MNHV-C | B7: {=_xlfn.IFS( ISNUMBER(SEARCH("*AUHV*",A7)),"AUHV", ISNUMBER(SEARCH("*MNHV*",A7)),"MNHV", ISNUMBER(SEARCH("*BWW*",A7)),"BWW", ISNUMBER(SEARCH("*SWW*",A7)),"SWW", ISNUMBER(SEARCH("*ORG*",A7)),"ORG", ISNUMBER(SEARCH("*PRY*",A7)),"PRY", ISNUMBER(SEARCH("*RCL*",A7)),"RCL" )} -> MNHV | C7: {=_xlfn.IFS( ISNUMBER(SEARCH("IV*",A7)),"IV", ISNUMBER(SEARCH("III*",A7)),"III", ISNUMBER(SEARCH("II*",A7)),"II", ISNUMBER(SEARCH("I*",A7)),"I")} -> I | D7: 0.0773
A8: I-BWW-A | B8: {=_xlfn.IFS( ISNUMBER(SEARCH("*AUHV*",A8)),"AUHV", ISNUMBER(SEARCH("*MNHV*",A8)),"MNHV", ISNUMBER(SEARCH("*BWW*",A8)),"BWW", ISNUMBER(SEARCH("*SWW*",A8)),"SWW", ISNUMBER(SEARCH("*ORG*",A8)),"ORG", ISNUMBER(SEARCH("*PRY*",A8)),"PRY", ISNUMBER(SEARCH("*RCL*",A8)),"RCL" )} -> BWW | C8: {=_xlfn.IFS( ISNUMBER(SEARCH("IV*",A8)),"IV", ISNUMBER(SEARCH("III*",A8)),"III", ISNUMBER(SEARCH("II*",A8)),"II", ISNUMBER(SEARCH("I*",A8)),"I")} -> I | D8: 0.0598
A9: I-BWW-B | B9: {=_xlfn.IFS( ISNUMBER(SEARCH("*AUHV*",A9)),"AUHV", ISNUMBER(SEARCH("*MNHV*",A9)),"MNHV", ISNUMBER(SEARCH("*BWW*",A9)),"BWW", ISNUMBER(SEARCH("*SWW*",A9)),"SWW", ISNUMBER(SEARCH("*ORG*",A9)),"ORG", ISNUMBER(SEARCH("*PRY*",A9)),"PRY", ISNUMBER(SEARCH("*RCL*",A9)),"RCL" )} -> BWW | C9: {=_xlfn.IFS( ISNUMBER(SEARCH("IV*",A9)),"IV", ISNUMBER(SEARCH("III*",A9)),"III", ISNUMBER(SEARCH("II*",A9)),"II", ISNUMBER(SEARCH("I*",A9)),"I")} -> I | D9: 0.0801
A10: I-BWW-C | B10: {=_xlfn.IFS( ISNUMBER(SEARCH("*AUHV*",A10)),"AUHV", ISNUMBER(SEARCH("*MNHV*",A10)),"MNHV", ISNUMBER(SEARCH("*BWW*",A10)),"BWW", ISNUMBER(SEARCH("*SWW*",A10)),"SWW", ISNUMBER(SEARCH("*ORG*",A10)),"ORG", ISNUMBER(SEARCH("*PRY*",A10)),"PRY", ISNUMBER(SEARCH("*RCL*",A10)),"RCL" )} -> BWW | C10: {=_xlfn.IFS( ISNUMBER(SEARCH("IV*",A10)),"IV", ISNUMBER(SEARCH("III*",A10)),"III", ISNUMBER(SEARCH("II*",A10)),"II", ISNUMBER(SEARCH("I*",A10)),"I")} -> I | D10: 0.0789
A11: I-SWW-A | B11: {=_xlfn.IFS( ISNUMBER(SEARCH("*AUHV*",A11)),"AUHV", ISNUMBER(SEARCH("*MNHV*",A11)),"MNHV", ISNUMBER(SEARCH("*BWW*",A11)),"BWW", ISNUMBER(SEARCH("*SWW*",A11)),"SWW", ISNUMBER(SEARCH("*ORG*",A11)),"ORG", ISNUMBER(SEARCH("*PRY*",A11)),"PRY", ISNUMBER(SEARCH("*RCL*",A11)),"RCL" )} -> SWW | C11: {=_xlfn.IFS( ISNUMBER(SEARCH("IV*",A11)),"IV", ISNUMBER(SEARCH("III*",A11)),"III", ISNUMBER(SEARCH("II*",A11)),"II", ISNUMBER(SEARCH("I*",A11)),"I")} -> I | D11: 0.0593
A12: I-SWW-B | B12: {=_xlfn.IFS( ISNUMBER(SEARCH("*AUHV*",A12)),"AUHV", ISNUMBER(SEARCH("*MNHV*",A12)),"MNHV", ISNUMBER(SEARCH("*BWW*",A12)),"BWW", ISNUMBER(SEARCH("*SWW*",A12)),"SWW", ISNUMBER(SEARCH("*ORG*",A12)),"ORG", ISNUMBER(SEARCH("*PRY*",A12)),"PRY", ISNUMBER(SEARCH("*RCL*",A12)),"RCL" )} -> SWW | C12: {=_xlfn.IFS( ISNUMBER(SEARCH("IV*",A12)),"IV", ISNUMBER(SEARCH("III*",A12)),"III", ISNUMBER(SEARCH("II*",A12)),"II", ISNUMBER(SEARCH("I*",A12)),"I")} -> I | D12: 0.1156
A13: I-SWW-C | B13: {=_xlfn.IFS( ISNUMBER(SEARCH("*AUHV*",A13)),"AUHV", ISNUMBER(SEARCH("*MNHV*",A13)),"MNHV", ISNUMBER(SEARCH("*BWW*",A13)),"BWW", ISNUMBER(SEARCH("*SWW*",A13)),"SWW", ISNUMBER(SEARCH("*ORG*",A13)),"ORG", ISNUMBER(SEARCH("*PRY*",A13)),"PRY", ISNUMBER(SEARCH("*RCL*",A13)),"RCL" )} -> SWW | C13: {=_xlfn.IFS( ISNUMBER(SEARCH("IV*",A13)),"IV", ISNUMBER(SEARCH("III*",A13)),"III", ISNUMBER(SEARCH("II*",A13)),"II", ISNUMBER(SEARCH("I*",A13)),"I")} -> I | D13: 0.102
... A85: IV-RCL-C | B85: {=_xlfn.IFS( ISNUMBER(SEARCH("*AUHV*",A85)),"AUHV", ISNUMBER(SEARCH("*MNHV*",A85)),"MNHV", ISNUMBER(SEARCH("*BWW*",A85)),"BWW", ISNUMBER(SEARCH("*SWW*",A85)),"SWW", ISNUMBER(SEARCH("*ORG*",A85)),"ORG", ISNUMBER(SEARCH("*PRY*",A85)),"PRY", ISNUMBER(SEARCH("*RCL*",A85)),"RCL" )} -> RCL | C85: {=_xlfn.IFS( ISNUMBER(SEARCH("IV*",A85)),"IV", ISNUMBER(SEARCH("III*",A85)),"III", ISNUMBER(SEARCH("II*",A85)),"II", ISNUMBER(SEARCH("I*",A85)),"I")} -> IV | D85: 0.1487

Sheet Aboveground_and_avg_root
A1: sample | B1: plant | C1: rep | D1: bag+biomass (g) | E1: bag | F1: dry_biomass_g | G1: avg_root_core_biomass_g | H1: soil_proportion_dw | I1: avg_root_per_300g_dry_soil | J1: note | O1: in 0.25 M^2
A2: I-AUHV | B2: {=_xlfn.IFS( ISNUMBER(SEARCH("*AUHV*",A2)),"AUHV", ISNUMBER(SEARCH("*MNHV*",A2)),"MNHV", ISNUMBER(SEARCH("*BWW*",A2)),"BWW", ISNUMBER(SEARCH("*SWW*",A2)),"SWW", ISNUMBER(SEARCH("*ORG*",A2)),"ORG", ISNUMBER(SEARCH("*PRY*",A2)),"PRY", ISNUMBER(SEARCH("*RCL*",A2)),"RCL" )} -> AUHV | C2: {=_xlfn.IFS( ISNUMBER(SEARCH("IV*",A2)),"IV", ISNUMBER(SEARCH("III*",A2)),"III", ISNUMBER(SEARCH("II*",A2)),"II", ISNUMBER(SEARCH("I*",A2)),"I")} -> I | D2: 68.42 | E2: 19.78 | F2: =D2-E2 -> 48.64 | G2: {=AVERAGE(IF((Root_core!$C:$C=C2)*(Root_core!$B:$B=B2),Root_core!D:D))} -> 0.19296667 | H2: {=AVERAGE(IF((soil_percent_dry_weight!$C:$C=C2)*(soil_percent_dry_weight!$B:$B=B2),soil_percent_dry_weight!D:D))/100} -> 0.86743489 | I2: =G2*H2 -> 0.16738602
A3: I-MNHV | B3: {=_xlfn.IFS( ISNUMBER(SEARCH("*AUHV*",A3)),"AUHV", ISNUMBER(SEARCH("*MNHV*",A3)),"MNHV", ISNUMBER(SEARCH("*BWW*",A3)),"BWW", ISNUMBER(SEARCH("*SWW*",A3)),"SWW", ISNUMBER(SEARCH("*ORG*",A3)),"ORG", ISNUMBER(SEARCH("*PRY*",A3)),"PRY", ISNUMBER(SEARCH("*RCL*",A3)),"RCL" )} -> MNHV | C3: {=_xlfn.IFS( ISNUMBER(SEARCH("IV*",A3)),"IV", ISNUMBER(SEARCH("III*",A3)),"III", ISNUMBER(SEARCH("II*",A3)),"II", ISNUMBER(SEARCH("I*",A3)),"I")} -> I | D3: 54.5 | E3: 19.36 | F3: =D3-E3 -> 35.14 | G3: {=AVERAGE(IF((Root_core!$C:$C=C3)*(Root_core!$B:$B=B3),Root_core!D:D))} -> 0.11316667 | H3: {=AVERAGE(IF((soil_percent_dry_weight!$C:$C=C3)*(soil_percent_dry_weight!$B:$B=B3),soil_percent_dry_weight!D:D))/100} -> 0.84332687 | I3: =G3*H3 -> 0.095436491
A4: I-BWW | B4: {=_xlfn.IFS( ISNUMBER(SEARCH("*AUHV*",A4)),"AUHV", ISNUMBER(SEARCH("*MNHV*",A4)),"MNHV", ISNUMBER(SEARCH("*BWW*",A4)),"BWW", ISNUMBER(SEARCH("*SWW*",A4)),"SWW", ISNUMBER(SEARCH("*ORG*",A4)),"ORG", ISNUMBER(SEARCH("*PRY*",A4)),"PRY", ISNUMBER(SEARCH("*RCL*",A4)),"RCL" )} -> BWW | C4: {=_xlfn.IFS( ISNUMBER(SEARCH("IV*",A4)),"IV", ISNUMBER(SEARCH("III*",A4)),"III", ISNUMBER(SEARCH("II*",A4)),"II", ISNUMBER(SEARCH("I*",A4)),"I")} -> I | D4: 44.2 | E4: 19.94 | F4: =D4-E4 -> 24.26 | G4: {=AVERAGE(IF((Root_core!$C:$C=C4)*(Root_core!$B:$B=B4),Root_core!D:D))} -> 0.072933333 | H4: {=AVERAGE(IF((soil_percent_dry_weight!$C:$C=C4)*(soil_percent_dry_weight!$B:$B=B4),soil_percent_dry_weight!D:D))/100} -> 0.85829728 | I4: =G4*H4 -> 0.062598481
A5: I-SWW | B5: {=_xlfn.IFS( ISNUMBER(SEARCH("*AUHV*",A5)),"AUHV", ISNUMBER(SEARCH("*MNHV*",A5)),"MNHV", ISNUMBER(SEARCH("*BWW*",A5)),"BWW", ISNUMBER(SEARCH("*SWW*",A5)),"SWW", ISNUMBER(SEARCH("*ORG*",A5)),"ORG", ISNUMBER(SEARCH("*PRY*",A5)),"PRY", ISNUMBER(SEARCH("*RCL*",A5)),"RCL" )} -> SWW | C5: {=_xlfn.IFS( ISNUMBER(SEARCH("IV*",A5)),"IV", ISNUMBER(SEARCH("III*",A5)),"III", ISNUMBER(SEARCH("II*",A5)),"II", ISNUMBER(SEARCH("I*",A5)),"I")} -> I | D5: 63.12 | E5: 19.96 | F5: =D5-E5 -> 43.16 | G5: {=AVERAGE(IF((Root_core!$C:$C=C5)*(Root_core!$B:$B=B5),Root_core!D:D))} -> 0.0923 | H5: {=AVERAGE(IF((soil_percent_dry_weight!$C:$C=C5)*(soil_percent_dry_weight!$B:$B=B5),soil_percent_dry_weight!D:D))/100} -> 0.85638601 | I5: =G5*H5 -> 0.079044429
A6: I-ORG | B6: {=_xlfn.IFS( ISNUMBER(SEARCH("*AUHV*",A6)),"AUHV", ISNUMBER(SEARCH("*MNHV*",A6)),"MNHV", ISNUMBER(SEARCH("*BWW*",A6)),"BWW", ISNUMBER(SEARCH("*SWW*",A6)),"SWW", ISNUMBER(SEARCH("*ORG*",A6)),"ORG", ISNUMBER(SEARCH("*PRY*",A6)),"PRY", ISNUMBER(SEARCH("*RCL*",A6)),"RCL" )} -> ORG | C6: {=_xlfn.IFS( ISNUMBER(SEARCH("IV*",A6)),"IV", ISNUMBER(SEARCH("III*",A6)),"III", ISNUMBER(SEARCH("II*",A6)),"II", ISNUMBER(SEARCH("I*",A6)),"I")} -> I | D6: 103.66 | E6: 19.83 | F6: =D6-E6 -> 83.83 | G6: {=AVERAGE(IF((Root_core!$C:$C=C6)*(Root_core!$B:$B=B6),Root_core!D:D))} -> 0.5824 | H6: {=AVERAGE(IF((soil_percent_dry_weight!$C:$C=C6)*(soil_percent_dry_weight!$B:$B=B6),soil_percent_dry_weight!D:D))/100} -> 0.78637625 | I6: =G6*H6 -> 0.45798553
A7: I-PRY | B7: {=_xlfn.IFS( ISNUMBER(SEARCH("*AUHV*",A7)),"AUHV", ISNUMBER(SEARCH("*MNHV*",A7)),"MNHV", ISNUMBER(SEARCH("*BWW*",A7)),"BWW", ISNUMBER(SEARCH("*SWW*",A7)),"SWW", ISNUMBER(SEARCH("*ORG*",A7)),"ORG", ISNUMBER(SEARCH("*PRY*",A7)),"PRY", ISNUMBER(SEARCH("*RCL*",A7)),"RCL" )} -> PRY | C7: {=_xlfn.IFS( ISNUMBER(SEARCH("IV*",A7)),"IV", ISNUMBER(SEARCH("III*",A7)),"III", ISNUMBER(SEARCH("II*",A7)),"II", ISNUMBER(SEARCH("I*",A7)),"I")} -> I | D7: 52.41 | E7: 19.87 | F7: =D7-E7 -> 32.54 | G7: {=AVERAGE(IF((Root_core!$C:$C=C7)*(Root_core!$B:$B=B7),Root_core!D:D))} -> 0.52503333 | H7: {=AVERAGE(IF((soil_percent_dry_weight!$C:$C=C7)*(soil_percent_dry_weight!$B:$B=B7),soil_percent_dry_weight!D:D))/100} -> 0.88173818 | I7: =G7*H7 -> 0.46294193 | J7: did some aboveground biomass fall out?
A8: I-RCL | B8: {=_xlfn.IFS( ISNUMBER(SEARCH("*AUHV*",A8)),"AUHV", ISNUMBER(SEARCH("*MNHV*",A8)),"MNHV", ISNUMBER(SEARCH("*BWW*",A8)),"BWW", ISNUMBER(SEARCH("*SWW*",A8)),"SWW", ISNUMBER(SEARCH("*ORG*",A8)),"ORG", ISNUMBER(SEARCH("*PRY*",A8)),"PRY", ISNUMBER(SEARCH("*RCL*",A8)),"RCL" )} -> RCL | C8: {=_xlfn.IFS( ISNUMBER(SEARCH("IV*",A8)),"IV", ISNUMBER(SEARCH("III*",A8)),"III", ISNUMBER(SEARCH("II*",A8)),"II", ISNUMBER(SEARCH("I*",A8)),"I")} -> I | D8: 69.7 | E8: 19.6 | F8: =D8-E8 -> 50.1 | G8: {=AVERAGE(IF((Root_core!$C:$C=C8)*(Root_core!$B:$B=B8),Root_core!D:D))} -> 0.22136667 | H8: {=AVERAGE(IF((soil_percent_dry_weight!$C:$C=C8)*(soil_percent_dry_weight!$B:$B=B8),soil_percent_dry_weight!D:D))/100} -> 0.84515777 | I8: =G8*H8 -> 0.18708976
A9: II-AUHV | B9: {=_xlfn.IFS( ISNUMBER(SEARCH("*AUHV*",A9)),"AUHV", ISNUMBER(SEARCH("*MNHV*",A9)),"MNHV", ISNUMBER(SEARCH("*BWW*",A9)),"BWW", ISNUMBER(SEARCH("*SWW*",A9)),"SWW", ISNUMBER(SEARCH("*ORG*",A9)),"ORG", ISNUMBER(SEARCH("*PRY*",A9)),"PRY", ISNUMBER(SEARCH("*RCL*",A9)),"RCL" )} -> AUHV | C9: {=_xlfn.IFS( ISNUMBER(SEARCH("IV*",A9)),"IV", ISNUMBER(SEARCH("III*",A9)),"III", ISNUMBER(SEARCH("II*",A9)),"II", ISNUMBER(SEARCH("I*",A9)),"I")} -> II | D9: 44.07 | E9: 19.85 | F9: =D9-E9 -> 24.22 | G9: {=AVERAGE(IF((Root_core!$C:$C=C9)*(Root_core!$B:$B=B9),Root_core!D:D))} -> 0.070366667 | H9: {=AVERAGE(IF((soil_percent_dry_weight!$C:$C=C9)*(soil_percent_dry_weight!$B:$B=B9),soil_percent_dry_weight!D:D))/100} -> 0.86015491 | I9: =G9*H9 -> 0.060526234
A10: II-MNHV | B10: {=_xlfn.IFS( ISNUMBER(SEARCH("*AUHV*",A10)),"AUHV", ISNUMBER(SEARCH("*MNHV*",A10)),"MNHV", ISNUMBER(SEARCH("*BWW*",A10)),"BWW", ISNUMBER(SEARCH("*SWW*",A10)),"SWW", ISNUMBER(SEARCH("*ORG*",A10)),"ORG", ISNUMBER(SEARCH("*PRY*",A10)),"PRY", ISNUMBER(SEARCH("*RCL*",A10)),"RCL" )} -> MNHV | C10: {=_xlfn.IFS( ISNUMBER(SEARCH("IV*",A10)),"IV", ISNUMBER(SEARCH("III*",A10)),"III", ISNUMBER(SEARCH("II*",A10)),"II", ISNUMBER(SEARCH("I*",A10)),"I")} -> II | D10: 66.44 | E10: 19.78 | F10: =D10-E10 -> 46.66 | G10: {=AVERAGE(IF((Root_core!$C:$C=C10)*(Root_core!$B:$B=B10),Root_core!D:D))} -> 0.091366667 | H10: {=AVERAGE(IF((soil_percent_dry_weight!$C:$C=C10)*(soil_percent_dry_weight!$B:$B=B10),soil_percent_dry_weight!D:D))/100} -> 0.86566101 | I10: =G10*H10 -> 0.079092561
A11: II-BWW | B11: {=_xlfn.IFS( ISNUMBER(SEARCH("*AUHV*",A11)),"AUHV", ISNUMBER(SEARCH("*MNHV*",A11)),"MNHV", ISNUMBER(SEARCH("*BWW*",A11)),"BWW", ISNUMBER(SEARCH("*SWW*",A11)),"SWW", ISNUMBER(SEARCH("*ORG*",A11)),"ORG", ISNUMBER(SEARCH("*PRY*",A11)),"PRY", ISNUMBER(SEARCH("*RCL*",A11)),"RCL" )} -> BWW | C11: {=_xlfn.IFS( ISNUMBER(SEARCH("IV*",A11)),"IV", ISNUMBER(SEARCH("III*",A11)),"III", ISNUMBER(SEARCH("II*",A11)),"II", ISNUMBER(SEARCH("I*",A11)),"I")} -> II | D11: 100.94 | E11: 19.94 | F11: =D11-E11 -> 81 | G11: {=AVERAGE(IF((Root_core!$C:$C=C11)*(Root_core!$B:$B=B11),Root_core!D:D))} -> 0.0771 | H11: {=AVERAGE(IF((soil_percent_dry_weight!$C:$C=C11)*(soil_percent_dry_weight!$B:$B=B11),soil_percent_dry_weight!D:D))/100} -> 0.84888887 | I11: =G11*H11 -> 0.065449332
A12: II-SWW | B12: {=_xlfn.IFS( ISNUMBER(SEARCH("*AUHV*",A12)),"AUHV", ISNUMBER(SEARCH("*MNHV*",A12)),"MNHV", ISNUMBER(SEARCH("*BWW*",A12)),"BWW", ISNUMBER(SEARCH("*SWW*",A12)),"SWW", ISNUMBER(SEARCH("*ORG*",A12)),"ORG", ISNUMBER(SEARCH("*PRY*",A12)),"PRY", ISNUMBER(SEARCH("*RCL*",A12)),"RCL" )} -> SWW | C12: {=_xlfn.IFS( ISNUMBER(SEARCH("IV*",A12)),"IV", ISNUMBER(SEARCH("III*",A12)),"III", ISNUMBER(SEARCH("II*",A12)),"II", ISNUMBER(SEARCH("I*",A12)),"I")} -> II | D12: 68.05 | E12: 19.86 | F12: =D12-E12 -> 48.19 | G12: {=AVERAGE(IF((Root_core!$C:$C=C12)*(Root_core!$B:$B=B12),Root_core!D:D))} -> 0.081333333 | H12: {=AVERAGE(IF((soil_percent_dry_weight!$C:$C=C12)*(soil_percent_dry_weight!$B:$B=B12),soil_percent_dry_weight!D:D))/100} -> 0.88096636 | I12: =G12*H12 -> 0.07165193
A13: II-ORG | B13: {=_xlfn.IFS( ISNUMBER(SEARCH("*AUHV*",A13)),"AUHV", ISNUMBER(SEARCH("*MNHV*",A13)),"MNHV", ISNUMBER(SEARCH("*BWW*",A13)),"BWW", ISNUMBER(SEARCH("*SWW*",A13)),"SWW", ISNUMBER(SEARCH("*ORG*",A13)),"ORG", ISNUMBER(SEARCH("*PRY*",A13)),"PRY", ISNUMBER(SEARCH("*RCL*",A13)),"RCL" )} -> ORG | C13: {=_xlfn.IFS( ISNUMBER(SEARCH("IV*",A13)),"IV", ISNUMBER(SEARCH("III*",A13)),"III", ISNUMBER(SEARCH("II*",A13)),"II", ISNUMBER(SEARCH("I*",A13)),"I")} -> II | D13: 121.51 | E13: 19.84 | F13: =D13-E13 -> 101.67 | G13: {=AVERAGE(IF((Root_core!$C:$C=C13)*(Root_core!$B:$B=B13),Root_core!D:D))} -> 1.3356 | H13: {=AVERAGE(IF((soil_percent_dry_weight!$C:$C=C13)*(soil_percent_dry_weight!$B:$B=B13),soil_percent_dry_weight!D:D))/100} -> 0.89414937 | I13: =G13*H13 -> 1.1942259
A14: II-PRY | B14: {=_xlfn.IFS( ISNUMBER(SEARCH("*AUHV*",A14)),"AUHV", ISNUMBER(SEARCH("*MNHV*",A14)),"MNHV", ISNUMBER(SEARCH("*BWW*",A14)),"BWW", ISNUMBER(SEARCH("*SWW*",A14)),"SWW", ISNUMBER(SEARCH("*ORG*",A14)),"ORG", ISNUMBER(SEARCH("*PRY*",A14)),"PRY", ISNUMBER(SEARCH("*RCL*",A14)),"RCL" )} -> PRY | C14: {=_xlfn.IFS( ISNUMBER(SEARCH("IV*",A14)),"IV", ISNUMBER(SEARCH("III*",A14)),"III", ISNUMBER(SEARCH("II*",A14)),"II", ISNUMBER(SEARCH("I*",A14)),"I")} -> II | D14: 119.28 | E14: 19.78 | F14: =D14-E14 -> 99.5 | G14: {=AVERAGE(IF((Root_core!$C:$C=C14)*(Root_core!$B:$B=B14),Root_core!D:D))} -> 0.70126667 | H14: {=AVERAGE(IF((soil_percent_dry_weight!$C:$C=C14)*(soil_percent_dry_weight!$B:$B=B14),soil_percent_dry_weight!D:D))/100} -> 0.88237355 | I14: =G14*H14 -> 0.61877916
A15: II-RCL | B15: {=_xlfn.IFS( ISNUMBER(SEARCH("*AUHV*",A15)),"AUHV", ISNUMBER(SEARCH("*MNHV*",A15)),"MNHV", ISNUMBER(SEARCH("*BWW*",A15)),"BWW", ISNUMBER(SEARCH("*SWW*",A15)),"SWW", ISNUMBER(SEARCH("*ORG*",A15)),"ORG", ISNUMBER(SEARCH("*PRY*",A15)),"PRY", ISNUMBER(SEARCH("*RCL*",A15)),"RCL" )} -> RCL | C15: {=_xlfn.IFS( ISNUMBER(SEARCH("IV*",A15)),"IV", ISNUMBER(SEARCH("III*",A15)),"III", ISNUMBER(SEARCH("II*",A15)),"II", ISNUMBER(SEARCH("I*",A15)),"I")} -> II | D15: 87.05 | E15: =19.88+19.67 -> 39.55 | F15: =D15-E15 -> 47.5 | G15: {=AVERAGE(IF((Root_core!$C:$C=C15)*(Root_core!$B:$B=B15),Root_core!D:D))} -> 0.3393 | H15: {=AVERAGE(IF((soil_percent_dry_weight!$C:$C=C15)*(soil_percent_dry_weight!$B:$B=B15),soil_percent_dry_weight!D:D))/100} -> 0.86988596 | I15: =G15*H15 -> 0.29515231
A16: III-AUHV | B16: {=_xlfn.IFS( ISNUMBER(SEARCH("*AUHV*",A16)),"AUHV", ISNUMBER(SEARCH("*MNHV*",A16)),"MNHV", ISNUMBER(SEARCH("*BWW*",A16)),"BWW", ISNUMBER(SEARCH("*SWW*",A16)),"SWW", ISNUMBER(SEARCH("*ORG*",A16)),"ORG", ISNUMBER(SEARCH("*PRY*",A16)),"PRY", ISNUMBER(SEARCH("*RCL*",A16)),"RCL" )} -> AUHV | C16: {=_xlfn.IFS( ISNUMBER(SEARCH("IV*",A16)),"IV", ISNUMBER(SEARCH("III*",A16)),"III", ISNUMBER(SEARCH("II*",A16)),"II", ISNUMBER(SEARCH("I*",A16)),"I")} -> III | D16: 54.66 | E16: 19.87 | F16: =D16-E16 -> 34.79 | G16: {=AVERAGE(IF((Root_core!$C:$C=C16)*(Root_core!$B:$B=B16),Root_core!D:D))} -> 0.1351 | H16: {=AVERAGE(IF((soil_percent_dry_weight!$C:$C=C16)*(soil_percent_dry_weight!$B:$B=B16),soil_percent_dry_weight!D:D))/100} -> 0.80892097 | I16: =G16*H16 -> 0.10928522
A17: III-MNHV | B17: {=_xlfn.IFS( ISNUMBER(SEARCH("*AUHV*",A17)),"AUHV", ISNUMBER(SEARCH("*MNHV*",A17)),"MNHV", ISNUMBER(SEARCH("*BWW*",A17)),"BWW", ISNUMBER(SEARCH("*SWW*",A17)),"SWW", ISNUMBER(SEARCH("*ORG*",A17)),"ORG", ISNUMBER(SEARCH("*PRY*",A17)),"PRY", ISNUMBER(SEARCH("*RCL*",A17)),"RCL" )} -> MNHV | C17: {=_xlfn.IFS( ISNUMBER(SEARCH("IV*",A17)),"IV", ISNUMBER(SEARCH("III*",A17)),"III", ISNUMBER(SEARCH("II*",A17)),"II", ISNUMBER(SEARCH("I*",A17)),"I")} -> III | D17: 43.42 | E17: 19.75 | F17: =D17-E17 -> 23.67 | G17: {=AVERAGE(IF((Root_core!$C:$C=C17)*(Root_core!$B:$B=B17),Root_core!D:D))} -> 0.17963333 | H17: {=AVERAGE(IF((soil_percent_dry_weight!$C:$C=C17)*(soil_percent_dry_weight!$B:$B=B17),soil_percent_dry_weight!D:D))/100} -> 0.81215519 | I17: =G17*H17 -> 0.14589014
A18: III-BWW | B18: {=_xlfn.IFS( ISNUMBER(SEARCH("*AUHV*",A18)),"AUHV", ISNUMBER(SEARCH("*MNHV*",A18)),"MNHV", ISNUMBER(SEARCH("*BWW*",A18)),"BWW", ISNUMBER(SEARCH("*SWW*",A18)),"SWW", ISNUMBER(SEARCH("*ORG*",A18)),"ORG", ISNUMBER(SEARCH("*PRY*",A18)),"PRY", ISNUMBER(SEARCH("*RCL*",A18)),"RCL" )} -> BWW | C18: {=_xlfn.IFS( ISNUMBER(SEARCH("IV*",A18)),"IV", ISNUMBER(SEARCH("III*",A18)),"III", ISNUMBER(SEARCH("II*",A18)),"II", ISNUMBER(SEARCH("I*",A18)),"I")} -> III | D18: 47.67 | E18: 19.99 | F18: =D18-E18 -> 27.68 | G18: {=AVERAGE(IF((Root_core!$C:$C=C18)*(Root_core!$B:$B=B18),Root_core!D:D))} -> 0.069366667 | H18: {=AVERAGE(IF((soil_percent_dry_weight!$C:$C=C18)*(soil_percent_dry_weight!$B:$B=B18),soil_percent_dry_weight!D:D))/100} -> 0.80623777 | I18: =G18*H18 -> 0.055926026
A19: III-SWW | B19: {=_xlfn.IFS( ISNUMBER(SEARCH("*AUHV*",A19)),"AUHV", ISNUMBER(SEARCH("*MNHV*",A19)),"MNHV", ISNUMBER(SEARCH("*BWW*",A19)),"BWW", ISNUMBER(SEARCH("*SWW*",A19)),"SWW", ISNUMBER(SEARCH("*ORG*",A19)),"ORG", ISNUMBER(SEARCH("*PRY*",A19)),"PRY", ISNUMBER(SEARCH("*RCL*",A19)),"RCL" )} -> SWW | C19: {=_xlfn.IFS( ISNUMBER(SEARCH("IV*",A19)),"IV", ISNUMBER(SEARCH("III*",A19)),"III", ISNUMBER(SEARCH("II*",A19)),"II", ISNUMBER(SEARCH("I*",A19)),"I")} -> III | D19: 44.82 | E19: 19.94 | F19: =D19-E19 -> 24.88 | G19: {=AVERAGE(IF((Root_core!$C:$C=C19)*(Root_core!$B:$B=B19),Root_core!D:D))} -> 0.050066667 | H19: {=AVERAGE(IF((soil_percent_dry_weight!$C:$C=C19)*(soil_percent_dry_weight!$B:$B=B19),soil_percent_dry_weight!D:D))/100} -> 0.79925163 | I19: =G19*H19 -> 0.040015865
A20: III-ORG | B20: {=_xlfn.IFS( ISNUMBER(SEARCH("*AUHV*",A20)),"AUHV", ISNUMBER(SEARCH("*MNHV*",A20)),"MNHV", ISNUMBER(SEARCH("*BWW*",A20)),"BWW", ISNUMBER(SEARCH("*SWW*",A20)),"SWW", ISNUMBER(SEARCH("*ORG*",A20)),"ORG", ISNUMBER(SEARCH("*PRY*",A20)),"PRY", ISNUMBER(SEARCH("*RCL*",A20)),"RCL" )} -> ORG | C20: {=_xlfn.IFS( ISNUMBER(SEARCH("IV*",A20)),"IV", ISNUMBER(SEARCH("III*",A20)),"III", ISNUMBER(SEARCH("II*",A20)),"II", ISNUMBER(SEARCH("I*",A20)),"I")} -> III | D20: 67.13 | E20: 19.76 | F20: =D20-E20 -> 47.37 | G20: {=AVERAGE(IF((Root_core!$C:$C=C20)*(Root_core!$B:$B=B20),Root_core!D:D))} -> 0.55983333 | H20: {=AVERAGE(IF((soil_percent_dry_weight!$C:$C=C20)*(soil_percent_dry_weight!$B:$B=B20),soil_percent_dry_weight!D:D))/100} -> 0.83022478 | I20: =G20*H20 -> 0.46478751
A21: III-PRY | B21: {=_xlfn.IFS( ISNUMBER(SEARCH("*AUHV*",A21)),"AUHV", ISNUMBER(SEARCH("*MNHV*",A21)),"MNHV", ISNUMBER(SEARCH("*BWW*",A21)),"BWW", ISNUMBER(SEARCH("*SWW*",A21)),"SWW", ISNUMBER(SEARCH("*ORG*",A21)),"ORG", ISNUMBER(SEARCH("*PRY*",A21)),"PRY", ISNUMBER(SEARCH("*RCL*",A21)),"RCL" )} -> PRY | C21: {=_xlfn.IFS( ISNUMBER(SEARCH("IV*",A21)),"IV", ISNUMBER(SEARCH("III*",A21)),"III", ISNUMBER(SEARCH("II*",A21)),"II", ISNUMBER(SEARCH("I*",A21)),"I")} -> III | D21: 110.4 | E21: 19.89 | F21: =D21-E21 -> 90.51 | G21: {=AVERAGE(IF((Root_core!$C:$C=C21)*(Root_core!$B:$B=B21),Root_core!D:D))} -> 0.76886667 | H21: {=AVERAGE(IF((soil_percent_dry_weight!$C:$C=C21)*(soil_percent_dry_weight!$B:$B=B21),soil_percent_dry_weight!D:D))/100} -> 0.82932228 | I21: =G21*H21 -> 0.63763825
A22: III-RCL | B22: {=_xlfn.IFS( ISNUMBER(SEARCH("*AUHV*",A22)),"AUHV", ISNUMBER(SEARCH("*MNHV*",A22)),"MNHV", ISNUMBER(SEARCH("*BWW*",A22)),"BWW", ISNUMBER(SEARCH("*SWW*",A22)),"SWW", ISNUMBER(SEARCH("*ORG*",A22)),"ORG", ISNUMBER(SEARCH("*PRY*",A22)),"PRY", ISNUMBER(SEARCH("*RCL*",A22)),"RCL" )} -> RCL | C22: {=_xlfn.IFS( ISNUMBER(SEARCH("IV*",A22)),"IV", ISNUMBER(SEARCH("III*",A22)),"III", ISNUMBER(SEARCH("II*",A22)),"II", ISNUMBER(SEARCH("I*",A22)),"I")} -> III | D22: 67.58 | E22: 19.74 | F22: =D22-E22 -> 47.84 | G22: {=AVERAGE(IF((Root_core!$C:$C=C22)*(Root_core!$B:$B=B22),Root_core!D:D))} -> 0.3034 | H22: {=AVERAGE(IF((soil_percent_dry_weight!$C:$C=C22)*(soil_percent_dry_weight!$B:$B=B22),soil_percent_dry_weight!D:D))/100} -> 0.80967017 | I22: =G22*H22 -> 0.24565393
A23: IV-AUHV | B23: {=_xlfn.IFS( ISNUMBER(SEARCH("*AUHV*",A23)),"AUHV", ISNUMBER(SEARCH("*MNHV*",A23)),"MNHV", ISNUMBER(SEARCH("*BWW*",A23)),"BWW", ISNUMBER(SEARCH("*SWW*",A23)),"SWW", ISNUMBER(SEARCH("*ORG*",A23)),"ORG", ISNUMBER(SEARCH("*PRY*",A23)),"PRY", ISNUMBER(SEARCH("*RCL*",A23)),"RCL" )} -> AUHV | C23: {=_xlfn.IFS( ISNUMBER(SEARCH("IV*",A23)),"IV", ISNUMBER(SEARCH("III*",A23)),"III", ISNUMBER(SEARCH("II*",A23)),"II", ISNUMBER(SEARCH("I*",A23)),"I")} -> IV | D23: 31.01 | E23: 19.75 | F23: =D23-E23 -> 11.26 | G23: {=AVERAGE(IF((Root_core!$C:$C=C23)*(Root_core!$B:$B=B23),Root_core!D:D))} -> 0.063566667 | H23: {=AVERAGE(IF((soil_percent_dry_weight!$C:$C=C23)*(soil_percent_dry_weight!$B:$B=B23),soil_percent_dry_weight!D:D))/100} -> 0.78717754 | I23: =G23*H23 -> 0.050038252
A24: IV-MNHV | B24: {=_xlfn.IFS( ISNUMBER(SEARCH("*AUHV*",A24)),"AUHV", ISNUMBER(SEARCH("*MNHV*",A24)),"MNHV", ISNUMBER(SEARCH("*BWW*",A24)),"BWW", ISNUMBER(SEARCH("*SWW*",A24)),"SWW", ISNUMBER(SEARCH("*ORG*",A24)),"ORG", ISNUMBER(SEARCH("*PRY*",A24)),"PRY", ISNUMBER(SEARCH("*RCL*",A24)),"RCL" )} -> MNHV | C24: {=_xlfn.IFS( ISNUMBER(SEARCH("IV*",A24)),"IV", ISNUMBER(SEARCH("III*",A24)),"III", ISNUMBER(SEARCH("II*",A24)),"II", ISNUMBER(SEARCH("I*",A24)),"I")} -> IV | D24: 63.38 | E24: 19.99 | F24: =D24-E24 -> 43.39 | G24: {=AVERAGE(IF((Root_core!$C:$C=C24)*(Root_core!$B:$B=B24),Root_core!D:D))} -> 0.0931 | H24: {=AVERAGE(IF((soil_percent_dry_weight!$C:$C=C24)*(soil_percent_dry_weight!$B:$B=B24),soil_percent_dry_weight!D:D))/100} -> 0.82487007 | I24: =G24*H24 -> 0.076795403
A25: IV-BWW | B25: {=_xlfn.IFS( ISNUMBER(SEARCH("*AUHV*",A25)),"AUHV", ISNUMBER(SEARCH("*MNHV*",A25)),"MNHV", ISNUMBER(SEARCH("*BWW*",A25)),"BWW", ISNUMBER(SEARCH("*SWW*",A25)),"SWW", ISNUMBER(SEARCH("*ORG*",A25)),"ORG", ISNUMBER(SEARCH("*PRY*",A25)),"PRY", ISNUMBER(SEARCH("*RCL*",A25)),"RCL" )} -> BWW | C25: {=_xlfn.IFS( ISNUMBER(SEARCH("IV*",A25)),"IV", ISNUMBER(SEARCH("III*",A25)),"III", ISNUMBER(SEARCH("II*",A25)),"II", ISNUMBER(SEARCH("I*",A25)),"I")} -> IV | D25: 72.49 | E25: 19.79 | F25: =D25-E25 -> 52.7 | G25: {=AVERAGE(IF((Root_core!$C:$C=C25)*(Root_core!$B:$B=B25),Root_core!D:D))} -> 0.0718 | H25: {=AVERAGE(IF((soil_percent_dry_weight!$C:$C=C25)*(soil_percent_dry_weight!$B:$B=B25),soil_percent_dry_weight!D:D))/100} -> 0.79825684 | I25: =G25*H25 -> 0.057314841
A26: IV-SWW | B26: {=_xlfn.IFS( ISNUMBER(SEARCH("*AUHV*",A26)),"AUHV", ISNUMBER(SEARCH("*MNHV*",A26)),"MNHV", ISNUMBER(SEARCH("*BWW*",A26)),"BWW", ISNUMBER(SEARCH("*SWW*",A26)),"SWW", ISNUMBER(SEARCH("*ORG*",A26)),"ORG", ISNUMBER(SEARCH("*PRY*",A26)),"PRY", ISNUMBER(SEARCH("*RCL*",A26)),"RCL" )} -> SWW | C26: {=_xlfn.IFS( ISNUMBER(SEARCH("IV*",A26)),"IV", ISNUMBER(SEARCH("III*",A26)),"III", ISNUMBER(SEARCH("II*",A26)),"II", ISNUMBER(SEARCH("I*",A26)),"I")} -> IV | D26: 33.18 | E26: 19.87 | F26: =D26-E26 -> 13.31 | G26: {=AVERAGE(IF((Root_core!$C:$C=C26)*(Root_core!$B:$B=B26),Root_core!D:D))} -> 0.0337 | H26: {=AVERAGE(IF((soil_percent_dry_weight!$C:$C=C26)*(soil_percent_dry_weight!$B:$B=B26),soil_percent_dry_weight!D:D))/100} -> 0.80607914 | I26: =G26*H26 -> 0.027164867
A27: IV-ORG | B27: {=_xlfn.IFS( ISNUMBER(SEARCH("*AUHV*",A27)),"AUHV", ISNUMBER(SEARCH("*MNHV*",A27)),"MNHV", ISNUMBER(SEARCH("*BWW*",A27)),"BWW", ISNUMBER(SEARCH("*SWW*",A27)),"SWW", ISNUMBER(SEARCH("*ORG*",A27)),"ORG", ISNUMBER(SEARCH("*PRY*",A27)),"PRY", ISNUMBER(SEARCH("*RCL*",A27)),"RCL" )} -> ORG | C27: {=_xlfn.IFS( ISNUMBER(SEARCH("IV*",A27)),"IV", ISNUMBER(SEARCH("III*",A27)),"III", ISNUMBER(SEARCH("II*",A27)),"II", ISNUMBER(SEARCH("I*",A27)),"I")} -> IV | D27: 98.28 | E27: =19.84+19.71 -> 39.55 | F27: =D27-E27 -> 58.73 | G27: {=AVERAGE(IF((Root_core!$C:$C=C27)*(Root_core!$B:$B=B27),Root_core!D:D))} -> 0.55943333 | H27: {=AVERAGE(IF((soil_percent_dry_weight!$C:$C=C27)*(soil_percent_dry_weight!$B:$B=B27),soil_percent_dry_weight!D:D))/100} -> 0.80414611 | I27: =G27*H27 -> 0.44986614
A28: IV-PRY | B28: {=_xlfn.IFS( ISNUMBER(SEARCH("*AUHV*",A28)),"AUHV", ISNUMBER(SEARCH("*MNHV*",A28)),"MNHV", ISNUMBER(SEARCH("*BWW*",A28)),"BWW", ISNUMBER(SEARCH("*SWW*",A28)),"SWW", ISNUMBER(SEARCH("*ORG*",A28)),"ORG", ISNUMBER(SEARCH("*PRY*",A28)),"PRY", ISNUMBER(SEARCH("*RCL*",A28)),"RCL" )} -> PRY | C28: {=_xlfn.IFS( ISNUMBER(SEARCH("IV*",A28)),"IV", ISNUMBER(SEARCH("III*",A28)),"III", ISNUMBER(SEARCH("II*",A28)),"II", ISNUMBER(SEARCH("I*",A28)),"I")} -> IV | D28: 82.11 | E28: 19.77 | F28: =D28-E28 -> 62.34 | G28: {=AVERAGE(IF((Root_core!$C:$C=C28)*(Root_core!$B:$B=B28),Root_core!D:D))} -> 0.57816667 | H28: {=AVERAGE(IF((soil_percent_dry_weight!$C:$C=C28)*(soil_percent_dry_weight!$B:$B=B28),soil_percent_dry_weight!D:D))/100} -> 0.80504465 | I28: =G28*H28 -> 0.46544998
A29: IV-RCL | B29: {=_xlfn.IFS( ISNUMBER(SEARCH("*AUHV*",A29)),"AUHV", ISNUMBER(SEARCH("*MNHV*",A29)),"MNHV", ISNUMBER(SEARCH("*BWW*",A29)),"BWW", ISNUMBER(SEARCH("*SWW*",A29)),"SWW", ISNUMBER(SEARCH("*ORG*",A29)),"ORG", ISNUMBER(SEARCH("*PRY*",A29)),"PRY", ISNUMBER(SEARCH("*RCL*",A29)),"RCL" )} -> RCL | C29: {=_xlfn.IFS( ISNUMBER(SEARCH("IV*",A29)),"IV", ISNUMBER(SEARCH("III*",A29)),"III", ISNUMBER(SEARCH("II*",A29)),"II", ISNUMBER(SEARCH("I*",A29)),"I")} -> IV | D29: 58.17 | E29: 19.84 | F29: =D29-E29 -> 38.33 | G29: {=AVERAGE(IF((Root_core!$C:$C=C29)*(Root_core!$B:$B=B29),Root_core!D:D))} -> 0.28753333 | H29: {=AVERAGE(IF((soil_percent_dry_weight!$C:$C=C29)*(soil_percent_dry_weight!$B:$B=B29),soil_percent_dry_weight!D:D))/100} -> 0.8182837 | I29: =G29*H29 -> 0.23528384

Sheet soil_percent_dry_weight
A1: sample | B1: plant | C1: rep | D1: percent_dw
A2: T2-III-AUHV-1 | B2: {=_xlfn.IFS( ISNUMBER(SEARCH("*AUHV*",A3)),"AUHV", ISNUMBER(SEARCH("*MNHV*",A3)),"MNHV", ISNUMBER(SEARCH("*BWW*",A3)),"BWW", ISNUMBER(SEARCH("*SWW*",A3)),"SWW", ISNUMBER(SEARCH("*ORG*",A3)),"ORG", ISNUMBER(SEARCH("*PRY*",A3)),"PRY", ISNUMBER(SEARCH("*RCL*",A3)),"RCL" )} -> AUHV | C2: {=_xlfn.IFS( ISNUMBER(SEARCH("IV*",A2)),"IV", ISNUMBER(SEARCH("III*",A2)),"III", ISNUMBER(SEARCH("II*",A2)),"II", ISNUMBER(SEARCH("I*",A2)),"I")} -> III | D2: 83.299472
A3: T2-III-AUHV-2 | B3: {=_xlfn.IFS( ISNUMBER(SEARCH("*AUHV*",A4)),"AUHV", ISNUMBER(SEARCH("*MNHV*",A4)),"MNHV", ISNUMBER(SEARCH("*BWW*",A4)),"BWW", ISNUMBER(SEARCH("*SWW*",A4)),"SWW", ISNUMBER(SEARCH("*ORG*",A4)),"ORG", ISNUMBER(SEARCH("*PRY*",A4)),"PRY", ISNUMBER(SEARCH("*RCL*",A4)),"RCL" )} -> BWW | C3: {=_xlfn.IFS( ISNUMBER(SEARCH("IV*",A3)),"IV", ISNUMBER(SEARCH("III*",A3)),"III", ISNUMBER(SEARCH("II*",A3)),"II", ISNUMBER(SEARCH("I*",A3)),"I")} -> III | D3: 83.006244
A4: T2-III-BWW-1 | B4: {=_xlfn.IFS( ISNUMBER(SEARCH("*AUHV*",A5)),"AUHV", ISNUMBER(SEARCH("*MNHV*",A5)),"MNHV", ISNUMBER(SEARCH("*BWW*",A5)),"BWW", ISNUMBER(SEARCH("*SWW*",A5)),"SWW", ISNUMBER(SEARCH("*ORG*",A5)),"ORG", ISNUMBER(SEARCH("*PRY*",A5)),"PRY", ISNUMBER(SEARCH("*RCL*",A5)),"RCL" )} -> BWW | C4: {=_xlfn.IFS( ISNUMBER(SEARCH("IV*",A4)),"IV", ISNUMBER(SEARCH("III*",A4)),"III", ISNUMBER(SEARCH("II*",A4)),"II", ISNUMBER(SEARCH("I*",A4)),"I")} -> III | D4: 78.241309
A5: T2-III-BWW-2 | B5: {=_xlfn.IFS( ISNUMBER(SEARCH("*AUHV*",A6)),"AUHV", ISNUMBER(SEARCH("*MNHV*",A6)),"MNHV", ISNUMBER(SEARCH("*BWW*",A6)),"BWW", ISNUMBER(SEARCH("*SWW*",A6)),"SWW", ISNUMBER(SEARCH("*ORG*",A6)),"ORG", ISNUMBER(SEARCH("*PRY*",A6)),"PRY", ISNUMBER(SEARCH("*RCL*",A6)),"RCL" )} -> MNHV | C5: {=_xlfn.IFS( ISNUMBER(SEARCH("IV*",A5)),"IV", ISNUMBER(SEARCH("III*",A5)),"III", ISNUMBER(SEARCH("II*",A5)),"II", ISNUMBER(SEARCH("I*",A5)),"I")} -> III | D5: 80.840919
A6: T2-III-MNHV-1 | B6: {=_xlfn.IFS( ISNUMBER(SEARCH("*AUHV*",A7)),"AUHV", ISNUMBER(SEARCH("*MNHV*",A7)),"MNHV", ISNUMBER(SEARCH("*BWW*",A7)),"BWW", ISNUMBER(SEARCH("*SWW*",A7)),"SWW", ISNUMBER(SEARCH("*ORG*",A7)),"ORG", ISNUMBER(SEARCH("*PRY*",A7)),"PRY", ISNUMBER(SEARCH("*RCL*",A7)),"RCL" )} -> MNHV | C6: {=_xlfn.IFS( ISNUMBER(SEARCH("IV*",A6)),"IV", ISNUMBER(SEARCH("III*",A6)),"III", ISNUMBER(SEARCH("II*",A6)),"II", ISNUMBER(SEARCH("I*",A6)),"I")} -> III | D6: 81.59012
A7: T2-III-MNHV-2 | B7: {=_xlfn.IFS( ISNUMBER(SEARCH("*AUHV*",A8)),"AUHV", ISNUMBER(SEARCH("*MNHV*",A8)),"MNHV", ISNUMBER(SEARCH("*BWW*",A8)),"BWW", ISNUMBER(SEARCH("*SWW*",A8)),"SWW", ISNUMBER(SEARCH("*ORG*",A8)),"ORG", ISNUMBER(SEARCH("*PRY*",A8)),"PRY", ISNUMBER(SEARCH("*RCL*",A8)),"RCL" )} -> ORG | C7: {=_xlfn.IFS( ISNUMBER(SEARCH("IV*",A7)),"IV", ISNUMBER(SEARCH("III*",A7)),"III", ISNUMBER(SEARCH("II*",A7)),"II", ISNUMBER(SEARCH("I*",A7)),"I")} -> III | D7: 82.868184
A8: T2-III-ORG-1 | B8: {=_xlfn.IFS( ISNUMBER(SEARCH("*AUHV*",A9)),"AUHV", ISNUMBER(SEARCH("*MNHV*",A9)),"MNHV", ISNUMBER(SEARCH("*BWW*",A9)),"BWW", ISNUMBER(SEARCH("*SWW*",A9)),"SWW", ISNUMBER(SEARCH("*ORG*",A9)),"ORG", ISNUMBER(SEARCH("*PRY*",A9)),"PRY", ISNUMBER(SEARCH("*RCL*",A9)),"RCL" )} -> ORG | C8: {=_xlfn.IFS( ISNUMBER(SEARCH("IV*",A8)),"IV", ISNUMBER(SEARCH("III*",A8)),"III", ISNUMBER(SEARCH("II*",A8)),"II", ISNUMBER(SEARCH("I*",A8)),"I")} -> III | D8: 83.176772
A9: T2-III-ORG-2 | B9: {=_xlfn.IFS( ISNUMBER(SEARCH("*AUHV*",A10)),"AUHV", ISNUMBER(SEARCH("*MNHV*",A10)),"MNHV", ISNUMBER(SEARCH("*BWW*",A10)),"BWW", ISNUMBER(SEARCH("*SWW*",A10)),"SWW", ISNUMBER(SEARCH("*ORG*",A10)),"ORG", ISNUMBER(SEARCH("*PRY*",A10)),"PRY", ISNUMBER(SEARCH("*RCL*",A10)),"RCL" )} -> PRY | C9: {=_xlfn.IFS( ISNUMBER(SEARCH("IV*",A9)),"IV", ISNUMBER(SEARCH("III*",A9)),"III", ISNUMBER(SEARCH("II*",A9)),"II", ISNUMBER(SEARCH("I*",A9)),"I")} -> III | D9: 83.893805
A10: T2-III-PRY-1 | B10: {=_xlfn.IFS( ISNUMBER(SEARCH("*AUHV*",A11)),"AUHV", ISNUMBER(SEARCH("*MNHV*",A11)),"MNHV", ISNUMBER(SEARCH("*BWW*",A11)),"BWW", ISNUMBER(SEARCH("*SWW*",A11)),"SWW", ISNUMBER(SEARCH("*ORG*",A11)),"ORG", ISNUMBER(SEARCH("*PRY*",A11)),"PRY", ISNUMBER(SEARCH("*RCL*",A11)),"RCL" )} -> PRY | C10: {=_xlfn.IFS( ISNUMBER(SEARCH("IV*",A10)),"IV", ISNUMBER(SEARCH("III*",A10)),"III", ISNUMBER(SEARCH("II*",A10)),"II", ISNUMBER(SEARCH("I*",A10)),"I")} -> III | D10: 81.97065
A11: T2-III-PRY-2 | B11: {=_xlfn.IFS( ISNUMBER(SEARCH("*AUHV*",A12)),"AUHV", ISNUMBER(SEARCH("*MNHV*",A12)),"MNHV", ISNUMBER(SEARCH("*BWW*",A12)),"BWW", ISNUMBER(SEARCH("*SWW*",A12)),"SWW", ISNUMBER(SEARCH("*ORG*",A12)),"ORG", ISNUMBER(SEARCH("*PRY*",A12)),"PRY", ISNUMBER(SEARCH("*RCL*",A12)),"RCL" )} -> RCL | C11: {=_xlfn.IFS( ISNUMBER(SEARCH("IV*",A11)),"IV", ISNUMBER(SEARCH("III*",A11)),"III", ISNUMBER(SEARCH("II*",A11)),"II", ISNUMBER(SEARCH("I*",A11)),"I")} -> III | D11: 82.144401
A12: T2-III-RCL-1 | B12: {=_xlfn.IFS( ISNUMBER(SEARCH("*AUHV*",A13)),"AUHV", ISNUMBER(SEARCH("*MNHV*",A13)),"MNHV", ISNUMBER(SEARCH("*BWW*",A13)),"BWW", ISNUMBER(SEARCH("*SWW*",A13)),"SWW", ISNUMBER(SEARCH("*ORG*",A13)),"ORG", ISNUMBER(SEARCH("*PRY*",A13)),"PRY", ISNUMBER(SEARCH("*RCL*",A13)),"RCL" )} -> RCL | C12: {=_xlfn.IFS( ISNUMBER(SEARCH("IV*",A12)),"IV", ISNUMBER(SEARCH("III*",A12)),"III", ISNUMBER(SEARCH("II*",A12)),"II", ISNUMBER(SEARCH("I*",A12)),"I")} -> III | D12: 79.789632
A13: T2-III-RCL-2 | B13: {=_xlfn.IFS( ISNUMBER(SEARCH("*AUHV*",A14)),"AUHV", ISNUMBER(SEARCH("*MNHV*",A14)),"MNHV", ISNUMBER(SEARCH("*BWW*",A14)),"BWW", ISNUMBER(SEARCH("*SWW*",A14)),"SWW", ISNUMBER(SEARCH("*ORG*",A14)),"ORG", ISNUMBER(SEARCH("*PRY*",A14)),"PRY", ISNUMBER(SEARCH("*RCL*",A14)),"RCL" )} -> SWW | C13: {=_xlfn.IFS( ISNUMBER(SEARCH("IV*",A13)),"IV", ISNUMBER(SEARCH("III*",A13)),"III", ISNUMBER(SEARCH("II*",A13)),"II", ISNUMBER(SEARCH("I*",A13)),"I")} -> III | D13: 79.459871
... A56: T2-IV-SWW-1 | B56: {=_xlfn.IFS( ISNUMBER(SEARCH("*AUHV*",A57)),"AUHV", ISNUMBER(SEARCH("*MNHV*",A57)),"MNHV", ISNUMBER(SEARCH("*BWW*",A57)),"BWW", ISNUMBER(SEARCH("*SWW*",A57)),"SWW", ISNUMBER(SEARCH("*ORG*",A57)),"ORG", ISNUMBER(SEARCH("*PRY*",A57)),"PRY", ISNUMBER(SEARCH("*RCL*",A57)),"RCL" )} -> SWW | C56: {=_xlfn.IFS( ISNUMBER(SEARCH("IV*",A56)),"IV", ISNUMBER(SEARCH("III*",A56)),"III", ISNUMBER(SEARCH("II*",A56)),"II", ISNUMBER(SEARCH("I*",A56)),"I")} -> IV | D56: 79.784367
A57: T2-IV-SWW-2 | B57: SWW | C57: {=_xlfn.IFS( ISNUMBER(SEARCH("IV*",A57)),"IV", ISNUMBER(SEARCH("III*",A57)),"III", ISNUMBER(SEARCH("II*",A57)),"II", ISNUMBER(SEARCH("I*",A57)),"I")} -> IV | D57: 79.889807
